transaction_amount,transaction_time,transaction_day,transaction_type,num_prev_transactions,avg_transaction_amount,account_age_days,is_foreign_transaction,time_since_last_transaction,day_of_week,fraud
93.85,14,23,transfer,6,180.16,1232,0,22.02,4,1
602.02,11,6,withdrawal,6,54.74,3148,0,19.7,1,0
263.35,15,3,transfer,5,190.48,823,0,13.97,3,0
182.59,23,22,transfer,4,49.19,881,0,41.24,6,0
33.92,18,11,transfer,4,144.33,2951,0,159.35,6,0
33.92,7,15,payment,8,20.45,405,0,10.71,5,0
11.97,20,22,deposit,4,77.9,753,0,4.8,4,1
402.25,16,28,payment,7,101.1,1640,0,6.1,6,0
183.82,22,5,deposit,7,70.13,1943,0,73.36,5,0
246.25,4,20,deposit,9,91.53,231,0,20.69,6,0
4.16,21,10,transfer,6,91.77,2522,0,12.2,0,0
700.71,15,12,withdrawal,5,140.35,1972,0,20.89,3,0
357.29,5,15,transfer,10,-4.34,2374,0,49.76,4,0
47.74,7,17,withdrawal,8,71.85,1361,1,37.99,0,0
40.14,17,10,deposit,5,162.73,522,0,65.33,4,0
40.52,11,6,transfer,6,128.12,367,0,19.88,1,0
72.55,14,18,withdrawal,1,163.56,1998,0,28.87,2,0
148.79,8,13,payment,10,137.94,3000,0,5.16,5,1
113.11,12,3,withdrawal,10,45.82,1895,0,3.64,4,0
68.84,14,30,transfer,3,133.04,3167,0,29.78,3,0
189.27,9,24,payment,6,105.01,821,0,17.23,4,0
30.05,15,10,withdrawal,8,213.4,3523,0,45.54,4,0
69.1,6,30,withdrawal,1,140.11,3641,0,2.11,4,0
91.26,16,14,withdrawal,7,126.17,1546,0,6.23,6,0
121.79,22,6,withdrawal,6,133.47,2052,0,96.19,4,0
307.59,20,3,withdrawal,5,123.44,3039,0,40.1,6,0
44.55,21,16,payment,5,122.09,2394,0,59.76,3,0
144.41,6,7,deposit,8,86.69,971,0,88.56,3,0
179.5,13,20,payment,2,126.77,2703,0,29.92,4,1
9.51,14,14,payment,5,147.42,2152,0,68.71,6,0
187.07,20,9,payment,5,153.02,3016,0,35.69,2,0
37.39,6,15,deposit,3,146.96,88,0,12.1,4,1
13.45,8,21,transfer,5,175.4,2463,0,19.77,5,0
594.74,18,3,deposit,4,156.14,2092,0,32.35,5,0
674.13,15,2,payment,3,131.43,1284,0,18.29,3,0
330.47,7,27,withdrawal,8,42.82,2276,0,19.62,5,0
72.66,17,2,withdrawal,4,42.84,1407,0,19.76,5,0
20.56,22,3,payment,4,87.59,64,0,6.29,1,1
230.55,17,18,withdrawal,2,102.34,191,0,4.25,4,0
116.02,19,14,payment,5,169.9,3059,0,2.29,4,0
26.03,6,20,withdrawal,6,-38.99,2876,1,5.65,4,0
136.71,2,18,deposit,4,48.34,924,0,20.22,4,0
7.0,17,10,transfer,4,90.29,500,0,43.25,0,0
480.08,9,25,transfer,1,50.16,2608,0,10.0,4,0
59.89,6,2,deposit,3,60.09,2869,0,105.09,6,0
217.25,16,25,deposit,5,75.04,2929,0,79.31,3,0
74.71,13,29,payment,4,52.71,1476,0,35.28,6,0
146.82,23,22,payment,5,61.38,377,0,61.83,3,0
158.24,2,1,payment,7,168.16,723,0,21.9,0,0
40.88,11,4,withdrawal,8,130.72,964,0,1.8,4,0
698.56,12,31,payment,4,138.2,942,0,112.65,2,0
298.45,1,14,deposit,6,98.29,176,0,6.56,6,1
561.02,2,1,transfer,2,150.56,3475,0,141.85,4,0
450.43,4,14,withdrawal,7,142.39,1741,0,40.72,3,0
182.21,10,16,payment,3,129.93,704,0,17.5,6,0
509.89,7,22,withdrawal,9,67.29,1469,0,32.84,1,0
18.53,22,14,withdrawal,3,77.9,2764,0,33.43,5,0
43.63,22,29,payment,5,152.91,1547,0,1.13,1,0
9.26,11,20,withdrawal,3,74.16,1309,0,21.08,2,1
78.71,6,3,transfer,7,35.57,3037,0,64.63,4,0
98.43,14,3,deposit,3,73.2,715,0,34.25,0,0
63.31,23,9,deposit,6,177.97,1156,0,13.44,4,0
352.91,16,6,transfer,6,73.25,150,0,19.59,2,0
88.25,3,25,withdrawal,3,116.38,2496,0,95.43,2,0
65.96,21,13,payment,2,69.22,2427,0,35.79,5,0
156.48,12,21,withdrawal,4,138.17,71,0,36.07,2,0
30.38,17,2,transfer,8,126.84,3468,0,156.3,1,0
324.1,0,8,withdrawal,5,25.44,58,0,18.57,5,0
15.5,15,21,deposit,10,113.4,995,0,31.35,4,0
866.83,12,2,withdrawal,4,15.87,1945,0,80.15,6,0
295.9,9,4,transfer,1,72.3,2862,0,68.28,4,0
44.31,11,25,deposit,4,99.43,2030,0,14.83,0,0
1.11,1,15,withdrawal,7,192.34,2091,0,7.86,2,0
337.98,22,4,withdrawal,7,115.9,949,0,57.9,2,0
245.42,2,13,deposit,6,61.65,847,0,14.3,3,0
261.13,9,28,payment,7,84.14,2902,0,122.87,5,1
295.04,1,12,deposit,7,146.21,1538,0,6.64,3,0
15.39,22,28,payment,2,62.32,1242,0,18.39,5,0
88.78,12,13,transfer,2,154.85,901,0,2.7,1,0
24.63,12,31,transfer,9,73.85,324,0,58.32,5,0
397.71,17,14,deposit,1,54.23,3284,0,106.5,4,0
195.26,2,20,deposit,5,75.45,893,0,48.49,0,0
80.36,6,18,transfer,7,19.19,2625,1,133.28,6,0
13.13,13,29,payment,3,-8.63,3138,0,6.6,5,0
74.5,19,28,transfer,8,95.87,3085,0,4.41,5,0
78.66,16,31,deposit,6,96.64,1067,0,87.49,5,0
261.58,20,6,transfer,7,112.82,2712,0,92.86,0,0
202.98,11,29,deposit,5,95.63,624,0,85.35,2,1
436.45,15,11,deposit,3,216.46,1212,0,77.01,0,0
127.81,23,30,transfer,9,108.42,1547,0,21.59,2,0
25.47,11,2,payment,5,31.18,1382,0,11.77,6,0
249.83,14,28,withdrawal,8,44.0,643,0,126.83,4,0
286.08,9,23,transfer,12,100.02,1902,0,17.6,0,1
164.78,6,19,withdrawal,5,78.23,3184,0,24.39,2,0
294.78,19,31,transfer,6,38.58,1633,0,57.72,4,0
136.16,4,19,withdrawal,2,97.06,1613,0,16.67,4,0
147.94,0,5,payment,2,97.79,1622,0,82.08,2,0
111.56,16,19,payment,8,179.78,3123,0,3.49,2,1
5.15,2,2,transfer,3,54.2,1185,0,75.18,1,0
22.83,12,10,deposit,5,79.11,494,0,44.2,4,0
6.39,13,25,withdrawal,3,179.63,1509,0,40.85,2,0
202.35,23,2,deposit,5,116.43,3403,0,29.43,4,0
75.48,17,30,deposit,3,53.9,3032,0,15.57,0,0
142.09,3,11,deposit,4,64.26,3007,0,29.94,6,0
476.25,17,18,payment,5,39.29,1320,0,28.7,3,0
57.35,4,29,transfer,6,103.86,2876,0,42.07,3,1
105.66,15,31,transfer,6,151.56,2472,0,15.87,5,0
281.75,0,24,payment,8,181.55,3221,0,3.88,2,0
51.96,20,15,payment,7,25.69,2323,0,7.52,2,0
16.02,13,9,transfer,6,143.46,597,0,57.66,4,0
68.43,14,23,deposit,8,108.22,67,0,1.09,5,0
35.16,8,19,withdrawal,9,86.9,274,0,93.17,2,0
530.99,14,9,withdrawal,6,79.13,50,0,56.9,4,0
330.18,16,3,withdrawal,7,3.95,1163,0,70.15,2,0
200.7,23,21,deposit,8,131.9,1659,0,86.77,4,0
410.3,3,9,transfer,2,34.06,423,0,6.28,2,0
325.59,11,28,payment,3,62.59,1463,0,82.97,1,0
41.3,4,30,transfer,2,120.9,1016,0,33.72,6,1
446.16,4,14,deposit,4,9.17,1701,0,104.03,4,0
155.02,10,19,payment,7,33.96,2085,0,104.48,6,0
329.47,5,7,deposit,7,160.93,3545,0,1.17,1,0
452.85,6,16,withdrawal,9,106.1,2405,0,23.17,1,0
76.55,23,16,withdrawal,6,66.89,1940,0,35.87,1,0
23.32,13,28,deposit,2,106.3,319,0,54.45,1,0
51.74,23,1,payment,4,133.47,1816,1,16.18,0,0
111.41,10,4,payment,9,156.24,2588,0,13.95,6,0
340.77,12,4,transfer,3,44.38,941,0,23.04,5,1
394.27,1,7,withdrawal,3,48.76,390,0,33.36,6,0
1.4,6,8,transfer,9,130.42,1652,0,144.91,3,0
142.98,19,17,transfer,3,132.02,2793,0,68.93,0,0
108.05,3,5,deposit,7,32.8,248,0,26.92,2,0
50.23,7,7,deposit,7,50.63,2483,0,2.68,2,0
25.54,19,28,transfer,3,90.31,2045,0,8.86,5,0
82.38,21,20,withdrawal,4,101.18,2070,0,29.22,3,0
572.62,20,29,deposit,1,102.6,2074,0,80.69,3,0
78.08,18,20,transfer,3,32.03,2830,0,23.0,3,0
146.29,12,4,transfer,5,102.09,3000,0,37.12,1,0
242.82,13,28,transfer,5,64.13,861,0,106.74,0,0
90.39,9,6,transfer,6,41.68,1823,0,117.65,2,0
713.56,10,7,transfer,1,99.45,1821,0,11.67,0,0
656.4,1,18,transfer,6,94.35,2871,0,2.14,0,0
58.01,8,31,deposit,6,140.08,1273,0,17.49,0,0
137.53,16,5,withdrawal,1,56.95,624,0,57.12,3,0
71.59,2,20,transfer,3,111.76,2184,0,144.87,5,0
67.05,23,31,payment,6,21.57,610,0,3.85,5,0
7.52,5,30,deposit,8,86.26,2686,0,1.39,3,0
188.1,4,29,deposit,8,123.18,1777,0,103.46,2,0
139.7,4,3,transfer,8,127.4,3387,0,66.19,2,0
10.57,21,7,deposit,8,127.74,2085,0,233.27,2,1
65.33,14,27,transfer,2,140.22,2883,0,24.26,5,0
477.77,22,28,withdrawal,6,77.71,2266,0,25.82,5,0
54.77,16,22,withdrawal,4,124.79,110,0,9.08,0,0
31.31,8,14,deposit,8,193.44,2185,0,5.91,3,0
134.45,2,7,deposit,11,76.64,1374,0,41.49,1,0
848.81,19,5,payment,2,169.01,1632,1,21.74,0,0
55.43,16,29,deposit,5,143.82,2763,0,4.02,4,0
223.03,9,22,payment,10,86.68,375,0,104.65,5,0
286.78,2,5,withdrawal,4,90.86,1916,0,10.61,0,0
54.27,17,30,withdrawal,8,105.92,2405,0,66.27,3,0
260.55,17,23,transfer,4,141.01,584,0,15.92,4,0
91.7,16,2,withdrawal,3,120.13,331,0,80.45,6,1
200.1,23,30,payment,6,76.25,229,0,6.05,0,0
200.77,2,27,deposit,7,-4.1,2970,0,67.72,3,0
153.48,2,21,transfer,4,133.61,3520,0,4.96,3,0
18.93,5,22,payment,7,3.38,1092,0,28.43,5,0
360.73,12,6,deposit,4,31.7,336,1,63.57,1,0
77.36,23,15,transfer,3,79.88,3105,0,9.13,0,1
41.29,14,21,withdrawal,4,39.3,1686,0,16.15,3,0
8.33,8,10,payment,6,115.88,1901,0,96.04,2,0
178.76,3,23,deposit,6,85.19,3178,0,103.87,3,0
226.37,13,26,transfer,8,139.26,2545,0,2.21,1,0
3.35,4,24,transfer,7,19.61,2256,0,8.83,3,0
143.53,1,7,withdrawal,2,66.91,2722,0,6.0,5,0
51.36,10,5,deposit,6,100.21,1876,0,9.51,6,0
207.22,8,1,withdrawal,4,102.14,1794,0,168.62,0,0
38.32,23,13,withdrawal,2,134.7,305,0,38.51,5,0
234.84,2,21,deposit,9,54.27,1205,0,30.3,0,0
97.79,8,26,deposit,5,76.6,3265,0,199.91,4,1
552.07,2,18,deposit,3,125.37,3391,0,39.08,0,0
29.59,1,13,payment,2,-9.93,1431,0,51.94,4,0
83.43,11,21,deposit,6,119.25,2698,0,19.42,5,1
24.09,9,21,transfer,3,138.2,667,0,23.11,2,0
517.24,8,18,withdrawal,6,33.32,1805,0,43.32,1,0
419.67,14,5,payment,5,84.25,3411,0,3.47,2,0
59.67,7,13,deposit,2,174.63,959,0,14.19,4,1
215.75,4,4,payment,7,132.99,3490,0,10.52,3,0
339.9,10,17,deposit,6,122.35,1910,0,0.77,3,0
162.03,1,3,payment,5,149.55,212,0,36.95,2,1
150.86,23,17,withdrawal,8,190.23,1874,0,39.52,3,0
55.38,14,28,withdrawal,3,100.93,3407,0,23.25,4,0
19.55,5,11,transfer,5,79.64,101,0,15.02,5,0
455.02,7,31,transfer,5,149.43,3320,0,50.67,1,0
461.35,4,21,deposit,4,90.63,2796,1,6.94,6,0
200.53,15,20,withdrawal,3,53.6,3274,0,35.09,0,0
82.81,17,23,payment,3,73.0,1706,0,70.14,4,0
85.91,5,21,payment,5,115.62,1325,0,8.62,6,0
258.89,4,26,payment,5,77.52,2803,0,67.17,4,0
454.82,15,30,transfer,6,81.25,3569,0,68.66,0,0
436.23,12,4,payment,6,48.63,2346,1,2.97,0,0
302.71,4,2,transfer,6,171.77,1073,0,0.91,1,1
205.46,12,20,transfer,6,82.87,2655,0,175.06,1,0
17.58,16,16,deposit,7,64.42,3072,0,10.32,1,0
35.26,17,28,payment,2,69.74,844,0,82.88,3,0
457.65,7,18,payment,5,140.13,1556,0,39.61,4,0
186.5,12,8,withdrawal,3,128.66,2224,1,14.74,5,1
1.85,18,3,deposit,1,74.91,3530,0,6.68,0,0
21.4,2,9,withdrawal,8,101.62,3266,0,32.95,4,0
217.83,23,29,deposit,0,113.84,2967,0,25.11,6,0
1.01,7,20,payment,4,64.8,339,0,57.61,4,0
35.06,1,29,transfer,3,22.97,2595,0,112.57,1,0
159.14,7,6,transfer,3,125.75,2091,0,78.53,1,0
235.46,12,10,transfer,2,67.56,161,0,15.4,4,0
211.09,12,21,transfer,3,122.02,1907,0,101.35,1,0
50.79,0,10,transfer,8,116.05,2832,0,86.02,3,0
249.08,5,13,withdrawal,6,102.79,2516,0,127.06,0,0
54.16,23,17,deposit,4,78.69,2820,0,29.46,6,0
78.73,18,9,payment,6,68.3,769,0,70.25,4,0
274.47,15,17,withdrawal,5,43.08,824,0,42.99,0,0
209.75,7,24,deposit,1,69.26,2340,0,17.85,3,0
378.39,0,9,transfer,3,128.44,2720,0,249.15,6,0
214.36,15,9,deposit,3,169.89,3326,0,1.87,1,0
168.01,8,1,deposit,3,162.55,287,0,8.5,2,0
19.67,12,2,transfer,9,107.27,1287,0,107.07,3,0
91.68,10,28,transfer,2,169.86,3437,0,3.0,2,0
61.63,12,16,transfer,3,84.66,2486,0,104.58,0,0
55.94,20,29,payment,5,35.45,1881,0,60.29,4,0
722.46,9,1,transfer,4,196.04,1004,0,1.79,6,0
99.88,3,10,payment,3,126.64,1077,0,26.92,1,0
445.21,5,18,transfer,3,23.27,300,0,67.41,6,0
199.47,6,26,payment,0,177.95,1148,0,42.0,3,0
316.77,4,28,deposit,2,62.83,171,0,131.85,1,0
139.69,10,8,withdrawal,7,73.71,931,0,97.07,2,1
172.03,12,21,deposit,4,151.07,3051,0,19.41,2,0
135.66,18,28,deposit,3,168.09,3182,0,4.24,5,0
43.44,22,11,transfer,11,49.96,303,0,138.58,6,0
256.35,9,23,payment,2,173.55,2353,0,34.96,4,0
65.92,9,2,withdrawal,6,143.71,494,0,3.71,2,0
4.92,10,8,transfer,11,60.01,1261,1,81.41,4,0
207.39,20,27,transfer,3,87.7,1349,0,97.38,5,0
38.99,6,22,transfer,5,175.81,3140,0,48.96,3,0
564.22,17,8,deposit,6,21.97,317,0,28.48,5,0
615.51,3,17,payment,4,169.04,3225,0,52.09,4,0
492.7,1,15,payment,3,142.32,905,0,58.87,2,0
92.46,13,17,withdrawal,10,125.46,2022,0,107.29,0,0
3.12,12,28,payment,2,106.58,3384,0,149.78,4,1
527.1,11,23,payment,4,198.51,2955,1,34.67,1,0
111.79,6,24,transfer,7,205.9,2257,0,76.89,0,1
680.17,1,13,transfer,6,69.24,1150,0,160.25,6,0
662.75,12,19,deposit,7,130.61,1244,0,7.87,4,0
383.48,13,5,transfer,5,193.72,3175,0,0.88,1,0
69.76,16,12,transfer,7,60.75,476,0,97.55,6,0
97.26,8,1,transfer,1,112.16,2862,0,10.43,5,0
380.95,16,23,transfer,6,150.19,3598,0,2.08,0,1
76.23,7,5,deposit,5,-0.74,2638,0,8.37,4,0
37.14,1,8,transfer,15,141.43,2561,0,23.27,3,0
162.75,23,13,withdrawal,6,45.58,2926,0,11.88,5,0
550.26,12,8,withdrawal,3,109.62,751,0,17.48,1,0
238.17,2,25,withdrawal,2,157.22,2193,0,177.63,3,0
168.82,15,23,withdrawal,5,-19.46,2612,0,58.5,2,0
20.45,5,11,transfer,7,139.29,3199,0,59.78,5,0
190.91,18,1,withdrawal,3,201.92,1381,0,4.77,5,1
922.11,6,13,transfer,3,73.33,436,0,63.22,4,0
30.18,9,19,deposit,4,128.83,3414,0,64.54,4,0
146.1,8,24,withdrawal,2,166.76,1755,0,51.75,1,0
419.72,1,3,payment,3,20.35,723,0,12.45,5,0
270.01,14,24,withdrawal,5,137.87,3249,0,26.4,4,0
238.81,4,17,withdrawal,7,151.19,3443,0,89.88,2,0
242.46,21,5,transfer,5,131.93,524,0,53.25,6,0
89.1,3,20,withdrawal,7,104.33,977,0,63.34,6,0
69.51,19,21,payment,2,49.98,52,0,42.49,6,0
331.47,3,8,transfer,6,169.57,1158,0,28.66,4,0
332.27,17,26,transfer,4,101.73,1728,0,68.31,5,0
403.59,3,31,deposit,2,54.81,587,0,3.38,6,0
488.92,16,14,deposit,6,84.1,1646,0,53.68,0,0
143.22,11,4,withdrawal,3,118.42,970,0,282.23,3,0
139.24,21,11,deposit,3,21.94,1275,0,72.72,5,0
320.19,16,20,deposit,4,100.9,2932,0,16.48,2,0
209.94,9,15,deposit,4,79.16,3116,0,15.62,5,0
242.11,21,19,transfer,5,166.8,2968,0,52.81,2,0
317.72,0,7,transfer,4,6.26,1686,0,108.57,5,0
441.46,21,19,transfer,6,146.94,107,0,41.41,6,0
82.5,23,28,deposit,4,170.85,1375,0,35.98,3,0
94.19,17,19,transfer,7,8.15,836,0,8.39,3,0
19.74,17,11,deposit,9,14.14,3342,0,60.33,2,0
172.68,13,26,transfer,3,189.3,1071,0,58.16,5,0
7.32,14,5,transfer,4,54.78,797,0,163.67,3,0
125.32,11,5,payment,3,254.74,483,0,17.13,1,0
156.46,3,30,withdrawal,4,9.71,3544,0,67.8,5,1
67.53,2,22,deposit,5,108.5,3005,0,27.33,3,0
178.73,19,8,payment,2,98.83,2354,0,39.24,0,0
6.2,11,10,transfer,5,89.59,1477,0,81.37,0,0
7.61,6,6,deposit,10,123.15,1529,0,12.05,1,0
345.87,10,15,transfer,5,126.03,1080,0,20.15,3,0
89.32,0,16,withdrawal,5,91.62,2591,0,71.24,0,0
27.18,5,28,payment,7,49.29,1918,0,40.56,6,0
147.73,14,17,withdrawal,5,152.39,2541,0,4.65,5,0
293.93,14,31,payment,7,131.4,2884,0,27.0,4,0
48.62,18,8,transfer,3,105.73,2901,0,42.4,3,0
195.04,10,8,withdrawal,3,129.82,392,0,115.32,1,0
17.84,22,25,withdrawal,6,138.45,3484,0,10.03,3,0
10.61,1,9,transfer,4,61.91,2828,0,78.7,2,0
151.58,13,2,withdrawal,4,128.03,554,0,6.72,2,0
155.58,1,15,deposit,2,72.35,3483,0,13.31,0,1
202.91,3,18,payment,2,140.1,3285,0,13.38,2,0
258.99,16,3,payment,3,90.38,1247,0,100.77,1,0
744.71,2,17,payment,4,130.59,1515,1,10.65,0,0
145.26,12,4,deposit,6,78.31,2133,0,74.22,1,0
78.0,8,30,payment,4,133.19,1283,0,29.74,5,0
317.13,6,4,transfer,5,51.06,2566,1,336.14,1,0
63.17,14,14,withdrawal,4,101.81,3129,0,87.69,2,0
115.6,22,9,deposit,5,149.03,1885,0,64.6,5,0
16.34,10,9,payment,8,123.36,751,0,98.2,2,0
5.14,19,25,transfer,4,109.6,2013,0,48.25,1,0
657.48,1,26,withdrawal,2,190.18,1237,0,89.07,2,0
361.55,14,23,withdrawal,2,151.18,1478,0,14.53,2,0
238.13,13,30,deposit,3,142.78,1428,0,4.93,2,0
105.17,19,31,deposit,6,132.9,2118,0,45.93,3,0
38.06,21,18,deposit,4,139.13,1537,0,27.38,5,0
34.02,10,10,transfer,3,182.86,1033,0,26.68,5,1
57.6,2,21,transfer,4,79.12,2337,0,35.91,6,0
159.36,16,4,deposit,3,150.47,2518,0,21.53,5,0
250.77,11,12,payment,8,117.82,955,0,47.22,6,0
215.88,23,27,withdrawal,4,80.84,885,0,1.49,1,0
65.68,20,8,withdrawal,8,95.01,113,0,168.14,6,0
619.62,14,2,transfer,4,110.96,2123,1,124.15,6,0
267.8,15,22,withdrawal,4,57.0,2517,0,131.4,4,0
161.65,4,13,payment,1,143.2,1572,0,21.8,1,0
189.21,19,21,withdrawal,3,94.86,1015,0,36.43,5,0
108.81,5,31,transfer,8,104.25,1898,0,147.93,0,0
56.93,18,16,transfer,6,167.86,3539,0,111.66,2,0
88.0,4,28,payment,6,106.49,165,0,74.97,2,0
283.64,2,2,payment,9,177.63,1236,0,25.11,4,0
2.9,0,11,withdrawal,4,73.76,1762,0,39.88,0,0
24.68,5,10,withdrawal,3,45.15,1225,0,75.58,3,0
9.42,14,15,transfer,8,85.5,938,0,15.3,6,0
8.32,1,17,payment,3,-40.74,2938,0,47.27,1,0
386.84,2,8,payment,2,145.29,2865,0,84.47,3,0
243.25,16,18,payment,2,48.06,619,0,59.0,0,0
128.56,23,23,withdrawal,7,69.12,1981,0,31.34,4,0
20.59,11,9,payment,5,135.81,985,0,42.17,0,0
135.3,17,25,transfer,6,105.96,2767,0,215.08,4,1
128.29,14,8,transfer,5,77.97,2616,0,44.22,3,0
38.04,11,27,withdrawal,9,-1.83,1173,0,73.92,3,0
113.78,15,14,deposit,4,165.04,3382,0,62.25,0,0
101.67,7,28,withdrawal,5,136.15,1361,0,58.03,0,0
191.34,13,26,deposit,7,202.79,2785,0,60.48,6,0
201.62,16,25,payment,3,70.18,3378,0,29.08,2,0
9.27,20,18,withdrawal,8,27.28,1583,1,30.85,4,0
93.88,7,22,transfer,5,149.74,2372,1,30.28,2,0
196.62,14,20,payment,5,90.6,1836,0,1.62,1,0
139.89,13,30,transfer,2,131.41,2130,0,13.24,1,0
388.27,17,20,payment,8,181.0,835,0,8.06,0,0
214.99,19,21,withdrawal,9,119.41,1485,0,104.42,3,0
35.57,6,12,deposit,3,108.36,81,0,15.43,1,0
14.64,2,19,payment,4,111.5,2805,1,7.15,1,0
205.68,11,14,deposit,4,18.14,101,0,6.12,2,0
5.37,20,17,payment,4,155.4,57,0,57.79,2,0
176.27,23,24,transfer,9,158.6,498,0,0.29,6,0
563.45,2,21,transfer,5,126.53,793,0,30.59,6,0
171.36,19,3,payment,6,24.23,2963,0,6.07,1,0
98.26,13,26,deposit,7,93.94,2989,0,90.95,0,0
206.17,14,30,withdrawal,11,171.93,2624,0,152.68,2,0
122.59,13,23,withdrawal,10,71.71,1454,0,153.03,1,0
157.76,6,7,transfer,7,159.21,2278,0,28.0,3,0
567.63,16,17,withdrawal,4,102.75,849,0,49.65,2,0
97.59,11,12,transfer,5,135.63,1519,0,43.95,1,0
649.82,19,9,withdrawal,4,79.39,1705,0,20.68,6,0
471.52,3,15,payment,5,104.22,589,0,28.18,4,0
43.58,8,18,transfer,6,121.84,408,0,3.19,2,0
14.38,5,21,transfer,6,45.84,1948,0,76.23,4,0
21.25,15,13,payment,0,113.7,3278,0,13.22,2,0
3.68,21,30,transfer,4,-34.43,1105,0,29.62,2,0
19.84,21,21,withdrawal,4,69.92,108,0,31.45,6,0
229.77,20,30,withdrawal,7,127.19,1438,0,39.48,5,0
14.77,20,8,transfer,9,156.01,863,1,81.75,5,0
76.83,1,14,withdrawal,3,123.64,1061,0,56.51,4,0
372.71,23,8,deposit,3,30.48,3315,0,52.22,0,0
4.71,7,14,transfer,4,151.64,2102,0,35.91,1,0
336.91,10,7,payment,3,43.04,479,0,4.84,0,0
66.22,12,23,deposit,5,130.71,2845,0,24.68,0,0
25.15,16,12,transfer,7,44.71,2832,0,151.39,5,1
238.63,7,11,payment,2,61.34,2022,0,259.89,1,0
198.28,20,22,withdrawal,8,52.18,3558,0,62.94,5,0
419.88,17,22,payment,5,106.95,1514,0,12.39,5,0
265.66,17,11,deposit,6,90.22,2275,0,5.16,6,0
325.4,13,25,withdrawal,4,125.45,3195,0,25.72,5,0
66.27,14,22,transfer,5,99.07,1772,0,93.21,3,0
39.07,5,28,withdrawal,9,24.11,2000,0,61.42,0,0
277.75,10,29,transfer,3,113.79,2514,0,103.36,6,0
328.84,12,13,transfer,4,11.89,1580,0,45.91,6,0
931.4,0,18,payment,5,55.81,719,0,6.7,0,1
106.42,5,2,payment,4,81.8,2020,0,5.85,6,0
93.05,8,29,payment,3,78.34,1431,0,2.36,0,0
299.59,7,21,deposit,9,17.63,616,0,40.19,3,0
83.35,10,15,deposit,4,168.56,2181,0,13.36,2,0
534.03,21,20,payment,5,182.4,1859,0,63.63,6,0
390.97,18,27,deposit,4,212.54,2015,1,55.64,4,0
112.07,23,18,withdrawal,5,157.38,656,0,18.38,4,0
277.96,8,31,withdrawal,5,80.23,2061,0,9.34,3,1
280.93,16,15,deposit,9,79.37,3140,0,5.19,0,0
21.77,11,19,deposit,5,76.61,2535,0,64.17,4,0
465.69,13,23,withdrawal,8,199.28,393,0,28.73,3,0
140.74,14,24,transfer,5,94.22,2212,0,18.76,5,0
350.27,15,12,withdrawal,2,163.46,403,0,93.24,1,0
77.15,21,13,withdrawal,3,159.57,3333,0,43.22,4,0
451.76,21,22,deposit,2,109.48,2116,0,35.03,1,0
98.6,19,11,withdrawal,5,27.42,2017,0,65.29,0,0
2.18,0,5,deposit,3,95.3,2896,0,81.15,4,1
471.58,9,29,deposit,3,107.35,2124,0,55.61,3,0
19.15,7,1,payment,6,163.9,2113,0,27.83,2,0
76.93,17,24,withdrawal,6,100.97,2172,1,22.89,4,0
599.39,0,3,transfer,6,39.57,3062,0,70.89,4,0
601.59,1,31,payment,5,149.4,1414,0,35.02,4,0
170.4,0,22,deposit,4,88.62,1578,0,58.5,4,0
199.85,0,19,deposit,2,-27.26,1199,0,106.12,3,0
119.0,8,23,transfer,6,116.25,1970,0,118.83,3,1
69.4,12,29,deposit,5,125.04,397,0,15.62,2,0
79.7,0,30,withdrawal,4,57.85,94,0,9.99,3,0
223.26,12,7,payment,4,90.4,3329,1,14.54,3,0
279.17,19,12,deposit,4,132.89,783,0,66.81,0,0
313.64,21,15,deposit,7,116.59,1573,0,22.18,6,0
311.77,6,25,transfer,4,21.87,2065,0,9.14,0,0
19.13,1,5,withdrawal,5,162.68,2893,0,4.97,6,0
136.41,5,15,deposit,4,185.32,1906,0,19.03,1,0
11.86,6,8,transfer,3,74.49,1608,1,7.02,2,0
159.49,13,10,deposit,6,4.51,785,0,8.16,6,1
116.51,17,26,transfer,7,138.56,2258,0,55.28,0,1
437.32,14,16,transfer,8,66.35,1554,0,0.96,2,1
86.44,1,8,withdrawal,3,126.77,626,0,6.0,2,0
24.9,9,1,deposit,3,210.11,3256,0,89.29,4,1
30.86,22,12,withdrawal,6,22.68,2864,0,89.46,5,1
286.69,11,5,transfer,3,60.17,3636,0,19.17,5,1
192.58,16,3,payment,3,90.28,2704,0,4.42,5,0
21.32,7,1,deposit,3,164.58,3536,0,58.59,2,0
17.57,10,4,payment,4,277.78,1864,0,21.43,4,0
241.44,2,8,deposit,4,112.35,3200,0,2.23,1,0
15.11,5,3,withdrawal,1,18.39,2693,0,8.24,1,0
345.04,8,10,withdrawal,5,82.72,1425,0,7.08,5,0
245.0,5,2,withdrawal,10,61.26,1616,0,42.69,1,1
16.97,8,11,withdrawal,4,136.08,3463,0,109.63,4,0
17.73,6,25,withdrawal,9,118.84,141,0,75.62,5,0
863.09,8,10,payment,2,47.91,482,0,37.96,6,1
93.77,17,21,withdrawal,5,58.33,2833,0,26.33,6,1
92.61,11,14,transfer,9,82.0,3270,0,46.28,4,0
335.12,7,7,transfer,8,88.03,2661,0,28.16,1,0
588.43,7,27,payment,2,97.89,2216,0,13.56,5,0
853.75,17,27,deposit,3,102.44,1901,0,54.57,6,0
279.98,19,2,transfer,3,161.74,2308,0,99.14,4,0
94.4,14,9,deposit,4,80.19,1292,0,22.4,3,0
17.44,6,16,payment,2,72.82,3061,0,88.43,6,0
300.25,10,13,deposit,6,33.06,282,0,27.07,3,0
163.47,19,9,deposit,2,88.81,2034,0,24.63,4,1
110.41,15,20,deposit,6,112.81,1489,0,1.38,4,0
473.65,3,4,deposit,5,13.8,1972,0,57.04,0,0
23.58,5,22,payment,6,82.88,2638,0,79.09,6,0
135.7,21,10,transfer,4,158.01,3523,0,52.29,0,0
2.28,2,26,withdrawal,3,132.42,1356,0,7.88,2,1
126.47,8,26,deposit,3,118.67,2149,0,5.23,6,0
11.59,9,22,transfer,2,131.06,3364,0,40.83,5,0
25.3,13,12,transfer,7,71.31,1887,0,24.64,2,0
25.01,10,17,payment,3,64.65,2299,0,26.91,2,0
209.51,17,14,transfer,7,163.6,1130,0,164.92,1,0
274.12,21,14,payment,3,141.43,91,0,61.78,3,0
175.11,11,25,deposit,4,62.69,1524,0,25.47,1,0
654.94,22,2,deposit,4,6.06,1210,0,0.93,5,0
93.96,11,21,withdrawal,6,63.72,835,0,1.67,4,0
67.29,12,25,withdrawal,4,127.18,2202,0,55.42,0,0
405.9,12,20,withdrawal,2,67.09,2818,0,87.29,5,0
50.62,18,11,transfer,5,116.5,1905,0,59.04,4,0
660.57,18,16,deposit,5,170.99,2238,0,24.99,5,0
2.45,22,19,payment,4,95.35,570,0,1.52,4,0
700.51,13,31,withdrawal,6,111.7,655,0,164.33,6,0
8.82,3,23,payment,5,134.25,1644,0,206.06,0,0
443.54,12,6,payment,2,45.9,3636,0,38.26,4,0
150.03,7,24,withdrawal,4,61.35,135,0,3.52,2,1
991.37,22,19,deposit,4,136.31,1184,0,37.37,5,0
15.33,20,5,withdrawal,6,101.85,3458,0,106.98,0,0
161.42,22,26,payment,6,106.09,1738,0,54.69,4,1
696.72,18,4,withdrawal,6,101.66,2853,0,61.1,2,0
148.09,11,15,payment,5,148.91,1938,0,4.26,2,0
198.53,17,29,payment,6,121.79,2079,0,5.41,6,0
237.98,5,4,withdrawal,4,122.44,2310,0,6.54,3,0
121.23,17,20,transfer,8,161.11,398,0,112.67,2,0
197.53,18,10,withdrawal,6,180.33,1304,0,35.82,1,0
175.57,21,24,transfer,2,212.18,975,1,75.27,0,0
462.85,4,22,payment,5,71.05,3209,0,5.88,0,0
9.3,23,3,payment,5,223.47,3377,0,126.05,0,1
65.97,8,26,transfer,9,45.16,2257,0,82.62,4,0
600.8,2,5,payment,7,196.76,322,0,12.22,5,0
441.94,9,6,transfer,3,68.3,613,0,99.5,4,0
121.64,18,21,transfer,9,96.55,2872,0,14.68,1,0
193.59,2,22,payment,6,100.93,2252,0,11.03,5,0
64.97,21,8,deposit,3,56.65,2200,0,14.73,6,1
41.68,14,7,transfer,8,104.34,2304,0,115.56,2,0
124.61,0,21,withdrawal,4,59.23,2521,0,118.66,4,0
87.19,6,10,withdrawal,7,38.25,2505,0,19.15,5,1
175.25,11,6,payment,10,98.06,3184,0,58.67,2,0
16.18,16,14,deposit,6,179.49,794,0,54.06,5,0
732.99,20,4,payment,6,87.3,2709,0,78.85,2,1
856.77,23,28,deposit,3,147.05,2142,0,16.88,5,0
239.57,19,25,transfer,4,57.72,1334,0,34.25,4,1
153.62,4,13,transfer,2,35.83,1444,0,52.88,4,0
74.08,3,20,transfer,6,122.69,457,0,1.28,1,0
336.18,11,17,transfer,6,187.78,2695,0,22.69,6,0
230.87,19,23,withdrawal,5,110.45,3002,0,57.14,6,0
35.49,23,7,withdrawal,5,141.33,2044,0,13.98,3,0
483.66,17,4,payment,5,174.76,2889,0,151.83,0,0
345.8,16,29,deposit,5,98.17,136,0,1.47,4,0
598.35,18,14,transfer,5,92.4,3649,0,152.26,4,0
258.72,8,3,transfer,2,123.6,688,0,11.73,2,0
190.08,3,24,deposit,3,132.5,3363,0,2.4,3,0
108.34,20,5,deposit,1,30.05,1212,0,16.61,6,1
539.8,1,16,payment,3,114.79,2342,0,74.07,4,0
402.08,3,26,deposit,3,99.97,3569,0,67.01,5,0
9.25,1,23,transfer,5,60.52,1255,0,11.24,6,0
5.34,14,20,transfer,6,96.51,184,1,10.52,3,0
94.47,1,4,transfer,5,41.73,3114,0,49.38,0,0
332.73,3,24,transfer,4,24.45,3398,0,29.41,5,0
872.86,5,30,transfer,5,103.34,925,0,75.44,2,0
32.6,6,24,payment,6,145.1,1551,0,1.17,1,0
180.34,9,2,transfer,3,82.64,1650,0,45.25,5,0
95.89,18,30,payment,1,51.96,1022,0,62.97,6,1
700.74,18,18,transfer,3,59.74,2322,0,240.89,0,1
369.18,21,19,withdrawal,5,127.45,1353,0,54.51,5,0
364.44,11,31,withdrawal,5,183.37,1415,0,12.66,3,0
126.48,2,28,withdrawal,4,138.52,3455,0,5.5,3,1
107.17,12,28,withdrawal,3,165.04,3622,0,49.16,0,0
63.88,17,19,payment,5,47.62,2463,0,35.55,6,0
11.61,7,17,payment,4,96.3,2836,0,110.12,3,0
400.09,20,31,deposit,5,150.93,3413,0,62.25,5,0
335.22,14,14,transfer,9,30.04,2491,0,34.22,1,0
1634.49,0,19,withdrawal,3,67.08,1331,0,24.81,5,0
1138.97,2,22,payment,6,147.1,2792,0,24.87,1,0
162.13,7,24,transfer,3,112.92,788,0,12.32,3,0
293.06,3,13,transfer,8,51.74,776,0,0.84,5,0
579.23,15,12,payment,5,18.46,622,0,41.06,3,0
378.95,22,30,withdrawal,5,166.87,3457,0,11.46,6,0
56.83,9,26,deposit,3,-2.67,1578,0,11.21,1,0
119.77,11,6,transfer,5,131.62,2916,0,6.43,6,0
27.66,13,21,deposit,2,73.35,45,0,10.09,3,0
616.04,13,31,withdrawal,4,152.35,1022,0,1.55,4,0
186.37,1,4,withdrawal,8,47.89,1098,0,53.84,2,1
51.92,22,19,deposit,4,230.74,1374,0,24.63,5,1
222.77,4,16,withdrawal,6,120.11,2728,0,39.57,4,0
192.53,4,13,transfer,8,128.35,3427,0,48.64,6,0
88.68,5,4,deposit,2,61.35,2225,0,172.46,3,0
24.11,12,30,withdrawal,3,93.33,2432,0,3.39,3,0
222.69,8,23,deposit,7,94.63,3337,1,25.97,2,0
146.92,21,17,transfer,4,189.8,732,1,13.55,3,0
295.96,14,23,withdrawal,8,120.03,642,0,31.09,2,0
146.86,13,1,transfer,4,127.19,134,0,121.52,5,0
382.35,23,18,withdrawal,4,126.63,1527,0,61.79,1,0
160.55,6,31,payment,4,131.43,425,0,52.06,2,0
164.62,19,20,withdrawal,6,30.53,3547,0,27.94,2,0
418.55,1,17,deposit,7,202.46,2683,0,53.38,4,0
103.33,6,27,withdrawal,2,56.13,3321,0,1.58,3,0
28.78,5,28,transfer,5,98.08,2040,0,42.36,5,0
5.84,16,27,transfer,5,176.57,880,0,38.73,1,0
281.41,1,15,withdrawal,5,196.73,2018,0,20.43,0,1
193.68,2,11,deposit,4,140.3,471,0,10.8,6,0
243.53,4,25,payment,6,74.77,1698,0,79.1,2,0
47.9,4,28,deposit,4,106.39,902,0,2.66,0,0
29.32,0,22,payment,5,108.35,696,0,3.47,3,0
2.93,7,13,transfer,4,110.12,1081,0,27.88,6,0
86.34,11,1,deposit,3,38.5,2871,0,13.97,2,0
178.28,23,17,payment,3,163.01,2552,0,65.68,0,0
99.6,3,6,withdrawal,4,106.73,657,0,48.27,4,0
115.06,12,4,transfer,3,63.89,3406,0,71.08,0,0
469.01,22,20,withdrawal,7,75.08,1458,0,18.84,6,0
85.62,14,16,transfer,7,113.49,3614,0,64.76,4,0
144.31,10,15,deposit,6,29.85,2579,0,95.17,6,0
306.17,9,27,deposit,5,143.92,377,1,20.33,1,0
101.02,2,15,transfer,4,111.74,1293,0,19.94,3,0
194.62,21,6,transfer,4,178.28,1047,0,110.5,5,0
396.63,13,15,transfer,7,103.88,599,0,2.45,0,0
597.24,15,14,deposit,6,45.74,2772,1,20.69,2,0
31.82,9,28,payment,3,40.11,3438,0,6.06,6,0
522.33,9,11,withdrawal,4,80.46,2103,0,1.41,6,0
135.5,11,7,withdrawal,4,85.75,3510,0,5.75,3,0
59.75,8,9,deposit,4,71.64,3178,1,27.09,0,1
122.92,0,26,withdrawal,7,106.42,1982,0,55.75,2,1
782.73,4,16,transfer,6,70.37,2294,0,16.39,2,1
135.7,19,5,payment,7,112.71,1381,0,90.96,6,0
79.72,7,25,withdrawal,3,73.97,2914,0,27.63,5,0
200.7,10,20,payment,5,131.59,2851,0,165.56,6,0
54.93,11,29,transfer,5,84.5,3124,0,147.96,5,0
15.78,0,10,withdrawal,4,162.31,699,0,71.23,6,0
27.6,21,18,deposit,5,132.61,747,0,129.32,6,0
27.4,19,3,payment,2,109.68,2387,1,58.94,2,0
32.95,10,13,transfer,6,89.62,2676,0,108.45,5,0
29.89,4,11,payment,2,24.05,296,0,12.95,2,0
204.82,14,17,withdrawal,3,170.68,1468,0,20.34,0,0
40.15,4,30,withdrawal,3,65.96,2723,0,67.11,6,0
84.83,11,30,deposit,5,104.54,3368,0,26.53,1,0
454.19,4,22,transfer,0,117.19,1386,0,87.17,5,0
128.48,16,13,transfer,9,90.82,1052,0,100.84,4,0
220.26,16,6,deposit,4,167.73,2067,1,17.1,4,0
37.83,23,17,deposit,2,38.93,2527,0,83.24,4,0
42.71,11,27,transfer,5,186.7,594,0,8.04,1,0
8.35,23,13,payment,3,133.58,1300,0,19.52,2,0
37.01,14,19,payment,2,87.68,1089,0,35.03,2,0
65.31,14,21,deposit,5,88.24,1454,0,12.32,3,1
38.96,5,19,payment,5,-10.84,57,0,41.56,4,0
18.58,11,10,transfer,3,57.59,249,0,41.49,4,0
25.71,19,3,withdrawal,4,82.3,435,0,11.13,2,0
123.53,17,14,withdrawal,2,108.81,1667,0,76.22,4,0
46.22,13,26,payment,9,162.98,1828,0,47.94,2,0
90.6,1,19,deposit,13,201.88,2348,0,18.35,6,0
140.0,8,5,deposit,4,113.61,1789,0,12.68,6,0
234.49,4,29,deposit,3,110.28,1704,0,101.28,2,0
8.02,19,5,deposit,9,75.48,821,0,86.7,5,0
321.3,0,20,deposit,2,14.24,3612,0,12.53,2,0
197.72,22,17,payment,4,69.71,992,0,1.74,0,0
17.06,2,21,withdrawal,7,89.72,1339,0,78.35,0,0
413.63,5,10,withdrawal,3,148.77,3555,0,45.88,0,0
507.34,4,5,payment,4,125.98,863,0,5.1,0,0
12.6,20,4,deposit,7,111.08,346,0,42.49,1,1
64.84,4,6,payment,3,70.96,1350,0,28.89,3,0
328.19,0,26,withdrawal,8,0.89,2415,0,71.5,3,1
275.87,16,4,transfer,6,3.91,1360,0,11.26,2,0
40.8,18,30,payment,6,16.81,3529,0,28.97,6,0
46.98,13,7,deposit,8,85.4,380,0,8.15,4,0
92.56,11,7,withdrawal,3,149.7,540,0,151.63,0,0
132.53,9,18,withdrawal,6,148.35,2602,0,72.4,3,0
192.6,19,3,withdrawal,5,139.69,521,0,64.06,3,0
92.06,20,1,withdrawal,8,74.25,1961,0,56.25,0,0
124.18,17,24,deposit,10,157.21,1647,0,26.42,6,1
275.25,23,25,transfer,2,53.45,2086,0,123.25,1,0
7.47,10,4,withdrawal,4,142.67,1550,0,3.63,1,0
58.19,1,6,payment,6,16.27,1613,0,78.04,3,0
249.9,17,9,transfer,4,41.14,2638,0,11.63,1,0
451.15,6,22,withdrawal,6,182.63,2517,0,18.8,5,0
143.36,23,14,transfer,4,89.81,1605,0,35.17,0,0
151.91,14,28,payment,7,65.95,2869,0,73.26,6,0
22.67,10,12,withdrawal,5,155.14,1791,1,87.53,3,0
118.63,17,28,payment,1,160.87,2021,0,42.07,0,0
152.12,22,25,deposit,4,78.34,3209,0,24.76,1,0
55.54,11,31,withdrawal,12,113.92,1298,0,140.55,0,0
62.73,5,20,withdrawal,10,106.85,3356,0,13.59,1,0
94.73,19,24,withdrawal,4,-41.36,2110,0,78.0,6,1
4.06,22,25,withdrawal,3,30.21,1076,0,45.45,1,0
77.74,12,4,deposit,6,147.11,2922,0,22.71,0,0
47.51,19,21,withdrawal,6,58.37,2643,0,0.07,6,0
79.35,15,30,transfer,5,126.49,78,0,28.4,1,0
25.51,17,24,withdrawal,2,113.15,491,0,15.55,5,0
442.42,9,12,deposit,9,160.77,2667,0,5.29,2,0
180.08,22,10,withdrawal,6,31.81,365,0,3.75,0,0
227.33,7,30,transfer,4,119.71,1411,0,20.5,2,0
311.34,17,22,deposit,6,96.73,1175,0,45.79,0,0
138.01,20,28,deposit,8,60.51,3545,0,87.23,1,0
18.19,0,7,transfer,2,60.16,388,0,9.73,1,0
154.05,22,3,transfer,2,111.37,2423,0,26.53,6,0
176.78,7,23,transfer,6,131.48,222,0,23.88,3,1
273.64,5,28,transfer,6,103.18,1469,0,34.57,5,0
113.01,4,14,transfer,4,104.74,1430,0,79.61,3,0
27.3,14,24,deposit,9,75.08,3564,0,38.72,2,0
66.75,21,10,deposit,3,78.39,785,0,90.0,1,0
90.22,14,16,withdrawal,5,60.38,1714,0,35.09,3,0
207.64,1,16,withdrawal,8,74.07,3247,0,44.45,1,0
169.16,0,22,payment,5,129.73,2555,0,27.61,0,0
88.04,22,31,withdrawal,5,135.32,857,0,83.14,3,0
861.24,22,10,withdrawal,7,36.21,919,0,123.59,2,0
186.17,10,25,transfer,4,55.18,682,0,48.93,6,0
54.16,9,13,transfer,6,64.48,2485,0,82.52,3,0
21.47,17,6,withdrawal,5,96.8,2363,0,2.92,1,1
33.18,17,12,payment,6,15.84,1951,0,113.55,4,0
56.46,16,9,transfer,5,56.05,880,0,10.05,4,0
35.03,7,13,withdrawal,5,30.72,140,0,14.23,6,0
41.3,14,4,withdrawal,4,120.02,649,0,2.63,6,0
67.12,7,24,deposit,4,98.52,822,0,161.47,5,0
38.08,16,11,payment,5,76.87,2127,0,91.71,6,1
454.15,11,20,deposit,3,46.84,3115,0,117.31,1,0
16.73,7,18,payment,5,77.65,1187,0,90.18,0,0
148.68,13,26,transfer,7,71.77,617,0,31.35,3,0
105.66,3,11,payment,3,181.73,2673,0,123.75,6,0
807.73,0,25,withdrawal,0,149.85,3444,0,167.48,4,0
23.77,0,21,withdrawal,5,65.46,2747,0,33.52,0,0
101.45,18,4,payment,4,108.26,1339,0,9.27,1,0
697.81,15,18,payment,1,147.21,1987,0,51.59,0,0
401.25,13,1,payment,5,65.45,2391,1,177.92,1,0
339.73,20,27,deposit,5,29.14,2683,0,98.73,5,0
59.66,15,7,payment,3,10.16,326,0,95.0,3,0
37.48,4,6,transfer,1,163.61,1659,0,130.34,0,0
220.91,8,31,deposit,5,90.45,598,0,107.71,3,0
530.08,1,15,deposit,11,114.57,1217,0,71.87,0,0
162.73,17,18,payment,5,71.29,861,1,60.81,1,0
169.55,5,24,transfer,5,36.61,3598,0,14.76,1,0
65.7,8,11,deposit,7,45.93,639,0,46.61,0,0
293.49,0,20,withdrawal,4,32.95,45,0,35.38,5,1
41.42,8,24,deposit,1,142.5,3445,0,95.04,1,0
78.22,15,15,payment,5,174.63,3179,0,32.48,2,0
110.83,12,16,transfer,7,101.86,1399,0,6.56,2,0
141.7,8,7,payment,3,24.11,101,0,0.24,3,0
55.52,20,21,withdrawal,3,124.83,299,0,54.37,6,0
24.4,12,10,withdrawal,9,163.25,316,0,38.32,2,0
188.64,8,26,withdrawal,1,148.58,95,0,19.29,2,0
68.11,10,12,payment,6,98.54,909,0,8.88,5,1
174.09,3,24,deposit,6,88.28,97,0,30.18,5,0
33.53,1,14,payment,5,98.14,1246,0,5.07,6,0
131.22,5,25,transfer,4,161.26,3156,0,19.66,4,0
152.11,13,5,deposit,7,138.02,3057,0,22.88,6,1
10.64,3,26,withdrawal,7,80.71,1432,0,30.08,4,1
82.08,5,21,payment,6,79.45,1003,0,30.17,5,0
28.87,18,18,withdrawal,5,75.92,3269,0,14.26,4,0
13.09,5,5,withdrawal,3,46.77,3510,0,91.13,5,0
920.24,1,3,transfer,5,167.59,537,0,21.09,4,0
77.83,17,23,deposit,3,60.61,3638,0,12.52,1,0
332.01,12,26,transfer,1,124.51,2914,0,9.28,5,1
58.78,8,5,transfer,2,66.93,1155,0,18.69,6,0
228.83,22,24,transfer,6,76.14,915,0,3.36,3,0
285.61,18,17,withdrawal,4,94.31,2871,0,1.61,3,0
181.09,12,19,transfer,9,127.26,2499,0,44.6,5,0
127.57,10,19,transfer,4,87.04,2017,0,46.34,2,0
106.15,0,25,deposit,6,43.04,804,0,36.2,3,0
85.81,23,21,deposit,8,100.95,2555,0,68.96,6,0
530.51,21,12,transfer,5,61.67,955,0,1.92,2,0
355.12,6,25,deposit,3,177.19,149,0,131.93,3,0
670.64,20,29,deposit,4,87.0,1968,0,4.79,0,0
26.55,14,9,transfer,3,66.6,3392,0,53.8,0,0
262.51,0,1,withdrawal,6,198.74,517,0,6.87,5,1
557.23,11,18,transfer,6,136.94,3262,0,101.73,6,0
39.99,6,21,deposit,9,55.16,2155,0,34.31,6,0
13.76,14,4,withdrawal,5,60.45,3139,1,4.12,3,0
270.28,20,31,payment,5,123.71,3495,0,46.03,1,0
170.89,18,10,withdrawal,3,102.17,470,0,0.44,2,0
368.82,0,25,deposit,8,144.51,3641,0,71.82,3,0
30.11,16,7,withdrawal,6,66.87,491,1,50.47,5,0
317.21,16,22,transfer,5,135.06,641,1,11.47,2,1
45.04,2,23,payment,1,-11.91,1347,0,22.54,4,0
35.74,11,1,payment,3,92.28,3501,0,0.38,5,0
35.89,5,17,payment,2,69.14,1689,0,56.79,3,0
337.02,10,24,deposit,7,77.25,946,0,18.7,1,1
218.84,2,29,deposit,2,94.86,3193,0,40.69,4,0
148.08,7,29,payment,2,156.93,2686,0,150.73,5,0
88.89,13,2,withdrawal,8,42.3,35,0,17.08,3,0
419.44,13,28,payment,3,-9.4,710,0,222.2,0,0
99.66,9,26,withdrawal,6,48.1,2972,0,48.08,6,0
339.22,1,11,withdrawal,6,151.12,2348,0,13.31,3,0
115.65,13,9,deposit,2,17.75,1673,0,27.56,0,0
94.62,8,7,withdrawal,5,71.4,2888,0,64.74,0,0
124.23,2,22,payment,2,141.98,2636,0,28.39,5,0
71.73,20,17,deposit,2,97.08,128,0,3.41,3,0
275.36,7,17,transfer,5,156.44,555,0,8.86,6,0
139.72,15,2,transfer,4,-1.74,2271,0,75.21,3,0
52.85,1,6,deposit,3,83.92,1210,0,50.17,0,0
459.67,5,14,payment,5,166.86,1719,0,40.49,2,0
96.87,20,6,transfer,8,43.66,1168,0,8.81,4,0
156.86,11,2,transfer,7,151.74,425,0,87.3,1,0
473.9,4,1,withdrawal,5,88.22,799,0,155.4,3,0
195.76,1,10,withdrawal,6,121.71,1856,0,2.0,4,1
24.86,15,21,payment,3,163.23,3101,0,3.9,4,1
562.12,4,5,deposit,5,121.49,1575,0,103.7,2,0
197.62,14,2,payment,8,70.44,2957,0,81.14,4,0
81.57,11,22,deposit,5,128.1,3315,0,46.18,3,0
30.0,3,16,transfer,6,66.91,2822,0,139.19,5,0
316.0,14,25,withdrawal,5,113.67,712,0,49.9,5,0
193.56,10,2,payment,5,37.41,1586,0,11.68,4,0
152.48,15,10,payment,7,101.45,44,0,62.61,3,0
448.66,22,2,deposit,5,159.46,3520,0,49.81,3,1
310.8,5,16,deposit,4,85.06,2445,0,204.03,0,0
32.9,13,16,payment,7,154.68,2715,0,11.55,2,0
74.71,17,19,deposit,6,254.67,2930,0,43.73,6,0
57.13,11,29,payment,9,98.55,1266,0,72.71,1,0
272.47,10,7,payment,4,130.71,2777,0,19.87,6,0
6.82,12,22,payment,1,123.84,34,0,22.92,0,0
168.74,20,12,transfer,8,111.26,2308,0,105.04,1,0
287.48,22,24,deposit,5,139.39,3302,0,24.86,6,0
418.73,10,15,withdrawal,6,87.6,1938,0,47.05,3,0
83.73,22,8,withdrawal,5,66.87,1455,0,105.62,5,0
344.36,15,6,deposit,6,23.68,3250,0,11.3,0,0
23.45,14,28,payment,8,82.86,1637,0,192.51,6,1
374.75,20,27,withdrawal,2,145.07,3593,0,58.1,4,0
27.28,14,10,withdrawal,4,53.01,3089,0,32.9,4,0
101.26,3,3,deposit,1,112.33,3327,0,27.06,1,0
319.2,10,19,withdrawal,6,93.84,2663,0,148.18,3,0
32.48,18,31,payment,8,68.96,198,0,11.06,5,0
52.08,14,17,deposit,7,7.35,2838,0,17.93,1,1
256.21,3,7,payment,6,168.14,821,0,17.66,6,0
254.62,20,21,withdrawal,4,125.86,1029,0,16.37,6,0
204.97,12,20,withdrawal,3,233.26,181,0,30.34,5,0
236.8,21,26,payment,6,153.97,3093,0,217.26,6,0
156.49,18,31,transfer,6,167.03,2301,0,105.42,2,0
58.02,1,4,withdrawal,3,12.53,533,0,19.08,5,0
84.84,13,14,transfer,1,11.66,1603,1,26.39,4,0
40.08,3,20,withdrawal,8,102.12,2121,0,53.14,6,0
478.18,15,22,transfer,2,42.59,2774,0,0.83,6,1
175.12,20,15,transfer,5,65.94,533,0,82.35,0,0
102.45,19,24,transfer,4,226.31,3342,0,101.69,0,0
123.98,13,8,payment,6,159.49,3007,0,93.42,0,0
588.56,14,21,transfer,4,53.22,872,0,22.56,5,0
33.29,2,15,transfer,5,-18.31,380,0,29.75,4,0
176.49,7,22,transfer,5,49.0,2100,0,0.6,5,0
141.0,15,20,withdrawal,6,72.14,1689,0,24.47,3,0
189.07,9,28,transfer,3,83.94,627,0,29.61,4,0
3.66,3,14,withdrawal,5,36.05,1096,0,113.99,4,0
411.34,17,27,transfer,5,156.49,2543,0,107.72,5,0
538.0,1,29,transfer,4,64.43,69,0,162.44,5,0
166.54,16,9,payment,4,132.43,2380,0,103.86,0,0
238.57,12,8,withdrawal,4,102.69,204,0,0.4,4,0
511.49,3,26,transfer,4,146.92,1028,0,49.23,0,0
245.68,10,28,withdrawal,6,88.1,3633,0,3.39,3,0
33.1,6,26,withdrawal,6,53.75,1514,0,15.28,2,0
171.74,11,17,deposit,6,70.07,2698,0,41.45,0,0
186.64,9,31,payment,7,70.78,1246,0,57.89,5,0
110.37,6,2,payment,5,203.23,2321,0,51.03,6,0
266.7,12,25,payment,8,103.83,865,0,2.41,1,0
544.74,6,24,deposit,4,100.23,2357,0,5.25,2,0
519.58,23,30,deposit,5,144.1,1089,0,6.61,3,0
119.87,16,3,payment,1,100.0,2634,0,4.6,6,0
24.04,9,8,deposit,7,156.08,927,0,9.42,5,0
837.83,9,12,deposit,5,81.4,1593,0,55.98,2,0
365.14,23,1,deposit,9,76.32,3255,0,85.29,5,0
26.63,3,10,payment,5,50.99,1076,0,25.23,0,0
507.26,19,20,payment,8,192.5,2796,0,56.65,6,0
407.88,3,3,payment,9,96.51,961,0,10.71,5,0
146.31,21,6,deposit,5,41.3,2168,0,173.87,6,0
178.94,6,7,payment,9,109.84,2467,0,20.68,3,0
101.83,21,20,deposit,5,67.5,3460,0,89.76,1,0
11.26,0,23,transfer,6,80.52,2627,0,139.54,0,0
81.65,11,25,deposit,3,115.54,3008,0,96.02,0,0
324.76,23,27,withdrawal,5,176.05,1281,0,3.33,6,0
0.93,12,18,payment,5,105.08,1255,0,50.43,3,0
81.14,9,11,payment,8,64.45,1403,0,6.14,3,0
101.56,14,19,withdrawal,7,74.75,1091,0,0.27,2,0
154.18,12,5,deposit,8,132.82,2810,0,2.55,1,0
504.79,22,19,transfer,12,2.08,529,0,118.98,5,0
85.04,21,11,withdrawal,2,47.87,1752,0,114.77,2,0
85.22,21,24,withdrawal,6,110.63,3144,1,12.29,5,1
267.5,20,12,deposit,4,14.67,2948,0,38.02,5,0
120.38,21,10,payment,7,84.37,2594,0,148.88,5,0
50.88,8,8,deposit,4,76.09,2145,0,32.96,2,0
120.46,8,24,withdrawal,4,143.87,1793,0,24.01,0,0
30.36,14,28,withdrawal,3,87.49,2200,0,31.69,3,0
38.81,9,28,payment,6,159.33,1738,1,74.96,0,0
137.98,23,9,payment,6,103.94,365,0,31.14,1,1
108.58,9,4,payment,4,188.82,1206,0,73.4,2,0
492.66,7,5,deposit,7,30.63,3051,0,27.12,1,0
90.01,23,21,payment,6,180.86,808,0,13.94,3,0
173.78,15,8,withdrawal,6,79.44,1215,0,18.97,3,0
200.08,16,23,withdrawal,6,173.7,3315,0,3.89,4,0
2.64,4,9,transfer,2,159.26,1963,0,33.02,1,0
217.85,3,15,deposit,4,-42.6,3477,0,7.69,0,0
39.21,17,15,transfer,2,123.96,1496,0,80.11,6,0
649.2,23,16,withdrawal,4,149.88,2500,0,26.2,1,0
32.19,18,14,transfer,4,166.43,1591,0,69.51,2,0
107.1,3,8,withdrawal,3,41.17,968,0,148.28,3,0
17.84,6,18,transfer,5,129.52,833,0,90.89,3,0
1153.62,9,10,payment,6,109.75,1965,0,145.22,1,1
139.51,17,28,transfer,4,121.57,663,0,40.28,1,0
180.96,18,20,payment,4,149.95,1283,0,8.67,5,0
13.89,3,6,payment,2,157.84,1112,0,131.49,1,1
277.23,9,12,deposit,9,67.21,2173,0,97.38,5,0
47.12,0,2,payment,9,113.27,1315,0,95.91,2,0
456.66,22,7,payment,8,102.06,383,0,56.73,2,0
45.92,17,16,transfer,6,88.03,3413,0,47.07,0,0
42.31,4,3,withdrawal,8,92.81,1189,0,0.71,1,1
7.45,14,13,deposit,4,109.8,1915,0,66.17,0,0
127.76,16,3,payment,7,69.9,1848,0,4.61,6,0
166.41,2,27,deposit,6,144.15,996,0,14.44,4,0
13.59,11,18,transfer,6,163.47,3000,0,38.49,2,0
298.8,1,11,payment,7,58.97,2550,0,28.85,3,0
120.77,0,8,transfer,2,165.92,2507,0,0.76,5,0
148.63,22,6,deposit,7,59.07,3052,0,83.38,4,0
116.24,20,1,transfer,6,144.89,2614,0,101.3,3,0
102.42,16,28,deposit,6,165.82,1199,1,54.97,4,1
164.03,21,1,transfer,6,95.27,1577,0,37.38,0,0
33.74,15,23,deposit,5,59.48,2164,0,155.4,0,0
40.16,4,8,withdrawal,7,70.57,138,0,6.13,5,0
395.79,14,5,transfer,5,118.09,3524,1,64.28,2,0
584.18,2,28,transfer,9,198.23,1398,0,6.59,6,0
93.46,6,16,withdrawal,6,15.36,3367,0,23.09,5,0
63.15,10,11,withdrawal,5,105.01,1787,0,42.27,6,1
206.56,9,5,transfer,3,95.6,1023,0,64.12,3,0
105.1,8,4,withdrawal,10,77.17,1547,0,0.18,4,0
5.14,13,30,payment,3,95.96,1386,0,14.49,5,0
33.96,12,6,deposit,4,72.89,851,0,37.09,6,0
251.74,1,14,deposit,4,162.16,3514,1,36.54,1,0
215.13,2,22,deposit,5,167.12,966,0,48.72,1,0
5.49,6,19,payment,8,104.41,3082,0,17.39,2,0
50.2,20,9,withdrawal,2,92.94,2726,0,37.33,6,0
52.55,17,12,withdrawal,12,75.35,220,0,10.1,5,0
222.88,2,11,transfer,4,104.51,2026,0,9.93,3,0
3.98,9,14,withdrawal,2,192.39,962,0,41.25,1,0
21.99,21,23,transfer,3,94.81,171,0,55.52,2,0
321.8,6,16,payment,1,58.03,1922,0,6.16,5,0
39.34,8,1,deposit,8,80.11,3174,0,6.29,2,0
211.54,16,31,deposit,8,137.67,2917,0,39.99,3,0
54.41,10,13,deposit,6,64.11,3268,0,15.11,1,0
20.95,6,23,withdrawal,3,98.31,2245,0,23.92,1,0
55.72,23,21,transfer,5,123.64,595,0,24.58,1,0
256.22,13,21,transfer,5,67.91,1312,0,9.44,6,0
387.17,18,30,payment,5,11.78,1492,0,0.06,0,0
354.65,3,13,withdrawal,3,46.43,1164,0,92.08,6,0
101.23,5,2,payment,9,57.06,773,0,60.25,1,0
220.58,9,4,transfer,6,88.56,702,0,56.3,4,0
45.88,6,28,transfer,7,102.21,2941,0,37.96,0,0
69.39,12,6,deposit,5,141.19,2916,0,57.95,5,0
453.32,13,26,withdrawal,4,38.64,560,0,131.71,6,0
2.62,3,31,transfer,4,133.91,1343,0,52.59,0,0
17.88,7,27,deposit,3,81.45,3051,0,14.78,0,0
46.61,4,23,withdrawal,11,10.72,591,0,40.57,6,0
5.38,0,27,payment,4,100.68,1563,0,28.03,6,0
40.04,3,5,withdrawal,6,165.81,2252,0,39.02,0,0
174.95,2,25,withdrawal,8,144.16,331,0,34.99,2,0
109.44,8,3,transfer,4,96.19,214,0,93.96,4,0
446.37,7,1,transfer,10,156.29,3440,0,50.64,3,0
340.14,0,4,withdrawal,4,109.61,539,0,10.04,1,0
83.65,5,25,transfer,6,149.06,2896,0,3.12,6,0
60.07,8,20,transfer,6,16.92,1363,0,26.51,0,1
95.51,6,2,transfer,5,37.52,3608,1,0.76,3,0
178.46,3,26,deposit,4,136.45,1399,0,18.39,6,0
62.41,12,30,deposit,7,176.96,3182,0,22.03,2,0
195.71,16,30,withdrawal,3,120.86,3475,0,22.61,3,0
105.33,1,5,transfer,6,75.13,2233,0,186.24,0,0
160.61,4,3,deposit,5,57.47,2864,0,17.39,5,0
114.59,11,29,withdrawal,2,84.23,824,0,14.79,4,1
69.76,20,28,transfer,5,160.68,2509,0,6.65,3,0
593.05,7,29,payment,1,82.87,1553,0,34.34,6,0
288.45,5,9,transfer,3,152.39,790,1,8.01,0,1
30.19,7,20,transfer,6,132.63,2224,0,45.98,6,1
405.7,17,6,deposit,6,185.7,2558,0,8.09,0,0
133.66,2,18,withdrawal,12,110.01,464,0,41.26,1,0
449.91,21,6,withdrawal,3,97.52,1572,0,84.01,5,0
321.74,11,19,deposit,4,154.88,2068,0,2.09,1,0
110.75,2,28,transfer,3,53.24,1736,0,26.13,5,0
4.55,21,12,payment,4,77.8,98,0,29.67,4,0
62.58,5,25,transfer,0,16.0,1659,0,75.16,1,1
156.02,1,11,transfer,7,37.28,1934,0,30.29,4,0
200.74,22,2,payment,7,196.17,2952,0,40.24,6,0
59.65,11,15,deposit,3,134.62,2263,0,75.19,2,0
30.01,1,12,withdrawal,4,31.46,2981,0,39.38,2,0
360.28,5,12,deposit,6,159.74,2759,0,21.29,5,0
832.12,16,9,deposit,4,64.82,2281,0,4.31,5,0
149.18,2,21,transfer,3,132.05,583,0,62.83,1,0
37.67,1,24,withdrawal,4,131.3,2090,0,98.35,2,0
63.58,22,2,withdrawal,7,183.25,2743,0,168.42,3,0
3.71,19,22,deposit,5,73.11,1327,0,125.37,3,0
491.38,7,3,payment,4,62.99,3399,0,76.64,6,0
25.06,21,12,deposit,11,-34.45,2128,0,49.5,3,0
171.85,11,28,payment,2,93.91,529,0,73.0,6,0
64.06,3,30,withdrawal,4,136.27,2446,0,27.16,2,0
161.57,4,26,deposit,5,143.1,2801,0,43.36,3,0
210.78,12,16,transfer,4,162.62,2434,0,20.58,4,0
354.09,14,21,deposit,4,114.49,3104,0,18.99,0,0
46.24,22,28,withdrawal,1,125.24,3355,0,67.84,5,0
2.21,15,24,transfer,2,103.41,3576,0,29.04,1,0
29.44,9,26,transfer,9,135.37,2924,0,11.45,6,0
460.55,22,30,payment,6,53.29,1559,0,10.83,4,0
414.12,15,1,transfer,7,29.58,2333,0,94.09,3,0
181.97,11,21,transfer,6,58.56,3251,0,54.36,0,0
183.52,16,3,deposit,4,110.68,1541,0,37.91,1,0
218.75,15,20,withdrawal,10,34.98,308,0,24.59,4,0
38.56,11,2,payment,3,68.34,1112,1,27.05,1,0
491.64,7,9,deposit,9,69.94,475,0,2.84,6,0
108.52,19,19,transfer,0,139.09,2190,0,29.13,6,1
96.62,2,15,transfer,8,133.0,865,0,76.17,5,0
146.34,15,18,payment,7,103.52,784,0,23.57,2,0
9.62,12,26,withdrawal,1,122.55,1875,0,23.22,6,0
36.37,22,11,payment,3,123.54,1622,0,0.76,3,0
267.91,18,25,deposit,4,81.82,1542,0,29.38,4,0
17.29,7,23,payment,4,72.88,1460,0,1.23,4,0
184.84,21,16,transfer,5,176.83,2444,0,40.55,0,0
56.3,4,22,deposit,8,-24.46,1113,0,33.93,0,0
98.63,19,17,transfer,8,62.93,2406,0,87.97,0,0
68.13,7,5,withdrawal,4,89.81,2805,0,41.84,1,0
87.91,23,12,transfer,1,128.0,3570,0,18.75,3,0
253.91,11,11,transfer,7,156.78,3083,0,34.86,1,0
70.51,0,30,payment,3,192.84,1620,1,57.74,3,0
167.13,20,15,transfer,2,95.41,1938,0,4.74,4,0
129.27,19,27,deposit,7,98.76,2797,0,46.58,6,0
217.93,5,3,deposit,2,118.13,3164,0,119.25,6,0
552.38,21,1,withdrawal,8,73.44,2261,1,17.06,1,0
263.78,17,20,deposit,6,40.79,1052,0,47.29,1,0
48.4,7,29,payment,4,95.19,2388,0,82.67,1,0
6.34,6,16,withdrawal,6,137.27,1591,0,34.42,2,0
60.83,0,2,deposit,5,87.85,206,0,60.76,5,0
180.81,20,2,payment,3,120.67,3530,1,17.88,3,0
10.56,15,3,deposit,9,6.56,3174,0,17.54,6,0
137.18,11,8,deposit,5,100.92,876,0,52.87,3,0
181.69,5,24,transfer,5,79.83,3268,0,58.66,1,0
81.37,19,28,deposit,6,36.24,1278,0,132.71,2,0
294.73,1,15,deposit,5,132.86,1630,0,12.22,1,0
22.54,13,7,payment,4,192.28,1634,0,30.31,3,0
15.62,3,6,payment,3,149.5,2005,0,13.84,5,0
260.53,0,9,transfer,2,152.69,2086,0,4.01,6,0
136.83,22,20,deposit,6,135.62,265,0,24.78,5,0
233.21,17,28,transfer,3,132.32,739,0,22.49,4,0
114.12,12,1,deposit,4,10.03,3001,0,15.13,2,0
56.58,1,8,withdrawal,6,93.6,2762,0,16.91,5,0
341.96,8,23,withdrawal,4,125.43,823,0,21.45,2,0
321.3,20,23,transfer,7,126.57,3129,0,215.77,1,0
237.29,1,31,transfer,9,163.59,2885,0,73.33,4,1
63.53,8,3,transfer,10,48.38,1964,0,3.56,3,0
178.43,0,4,payment,7,130.36,1699,0,98.83,5,0
89.56,10,26,payment,6,46.75,56,0,48.15,5,0
19.21,2,25,payment,5,89.42,2627,0,106.21,0,0
498.54,19,15,transfer,4,96.9,3297,0,20.07,6,0
29.43,22,6,deposit,2,143.13,1256,0,29.98,3,0
600.1,3,15,withdrawal,3,137.25,114,0,108.75,5,0
118.12,17,31,transfer,4,106.02,1885,0,15.28,5,0
